Elevation,SCA,CCA
-100.0,1.1332768297567397,1.1332768297567397
0.0,4.78165093271775,4.78165093271775
100.0,12.737272863939394,12.737272863939394
200.0,17.858239823580742,17.858239823580742
300.0,22.48638915517097,22.48638915517097
400.0,27.716159034342244,27.716159034342244
500.0,32.55475075849606,32.55475075849606
600.0,37.508384923741076,37.508384923741076
700.0,42.837895175862634,42.837895175862634
800.0,52.21115895013395,52.21115895013395
900.0,52.36387055952276,52.36387055952276
