Elevation,SCA,CCA
0,5.475453755388891,5.475453755388891
100,13.53310404121082,13.53310404121082
200,17.55050717444688,17.55050717444688
300,21.5881132500858,21.5881132500858
400,26.020720716915545,26.020720716915545
500,30.58219427678957,30.58219427678957
600,35.050858479220835,35.050858479220835
700,39.8375296943001,39.8375296943001
800,47.554587188573244,47.554587188573244
900,51.351300328743974,51.351300328743974
1000,58.782857142857154,58.782857142857154
