Elevation,SCA,CCA
0,5.4220639660061325,5.4220639660061325
100,13.57895790133337,13.57895790133337
200,17.65884789526701,17.65884789526701
300,21.689965654224757,21.689965654224757
400,26.14207319328139,26.14207319328139
500,30.719877331585618,30.719877331585618
600,35.24824936423404,35.24824936423404
700,40.064232423300055,40.064232423300055
800,47.62078019249727,47.62078019249727
900,51.86028925981644,51.86028925981644
1000,58.380341880341874,58.380341880341874
