Elevation,Tendencia
0.0,0.13818939472329425
100.0,0.15063231399384
200.0,0.07409760715714407
300.0,0.09911685187307816
400.0,0.04102958848928502
500.0,0.04576782601852256
600.0,-0.02478073929016549
700.0,-0.16726235561446695
800.0,-0.3805817596448016
900.0,-0.5299358761920425
1000.0,-0.34880207768206845
1100.0,-0.029516463957282704
1200.0,0.07065217391304347
1300.0,0.054469637737816004
1400.0,0.006942034015966678
1500.0,0.0
1600.0,0.0
