Elevation,Tendencia
0.0,0.11557714215045278
100.0,0.25417013222610074
200.0,0.30921512894624276
300.0,0.40485047257790724
400.0,0.36149056991037426
500.0,0.2941970310391363
600.0,0.21721168898938945
700.0,-0.060865029690258386
800.0,-0.22117113595496835
900.0,-0.11930926216640503
1000.0,-0.021068472535741158
1100.0,0.012801204819277108
1200.0,0.05191256830601093
