Elevation,Tendencia
0.0,0.06760019521468578
100.0,0.1117743246445976
200.0,0.06374697666246135
300.0,0.018688687758307246
400.0,-0.030169862622145063
500.0,-0.1186304852437272
600.0,-0.19753606106527474
700.0,-0.24616584351442683
800.0,-0.1781818181818182
900.0,-0.04491725768321513
1000.0,0.0
