Elevation,Tendencia
0.0,0.07370070061313566
100.0,0.10331387199063673
200.0,0.2154522886144323
300.0,0.43168742804712135
400.0,0.6060023270644262
500.0,0.6873575303941467
600.0,0.7317778917295437
700.0,0.6813513620682818
800.0,0.45603093426468755
900.0,0.2505091649694501
1000.0,0.04780876494023904
1100.0,0.0
