Elevation,Tendencia
3400.0,0.04092644634863876
3500.0,0.1440147754427799
3600.0,0.0
3700.0,0.0
3800.0,0.0
3900.0,0.0
4000.0,0.0
4100.0,0.0
4200.0,0.013900360912896573
4300.0,0.004263422569860517
4400.0,4.933789034857027E-5
4500.0,0.0
4600.0,0.0
4700.0,0.0
4800.0,0.0
4900.0,0.0
5000.0,0.0
5100.0,0.0
5200.0,0.0
5300.0,0.0
5400.0,0.0
5500.0,0.0
5600.0,0.0
5700.0,0.0
5800.0,0.0
5900.0,0.0
6000.0,0.0
6100.0,0.0
6200.0,0.0
