Elevation,Tendencia
0.0,0.09256459448312468
100.0,0.20012440880522234
200.0,0.20002877136270525
300.0,0.14588228330665204
400.0,0.010192697905808464
500.0,-0.15635441598142136
600.0,-0.34949106784545975
700.0,-0.5456910378281109
800.0,-0.6356241234221599
900.0,-0.8727615457115928
1000.0,-0.8937346437346437
1100.0,-0.36181943487250173
1200.0,-0.4387755102040816
1300.0,0.0
