Elevation,Tendencia
0.0,0.07321286409965776
100.0,0.17820120249429852
200.0,0.24254279021561356
300.0,0.293142787605908
400.0,0.34413358696432417
500.0,0.34750311962894076
600.0,0.3347483555147621
700.0,0.3481148930322049
800.0,0.3853244837758112
900.0,0.20514950166112958
1000.0,0.0
1100.0,0.0
1200.0,0.0
