Elevation,Tendencia
0.0,0.10933981220155063
100.0,-0.013295512417699346
200.0,-0.3422515128730412
300.0,-0.08726403176624971
400.0,-0.16112850077896643
500.0,-0.15832003486642213
600.0,-0.132675811360514
700.0,-0.1482691395001609
800.0,-0.1584087969329713
900.0,-0.18653662683943473
1000.0,-0.21553055530555307
1100.0,-0.26740066234606796
1200.0,-0.1659105134263717
1300.0,-0.035002560673513324
1400.0,-0.005990122171086502
1500.0,-0.0011653387995904734
1600.0,0.0
1700.0,0.0
1800.0,0.0
