Elevation,Tendencia
0.0,0.10170282185496926
100.0,0.12659796296230738
200.0,0.0834340547162107
300.0,0.05651140087185981
400.0,0.012692430348186588
500.0,-4.067234515177824E-4
600.0,0.0028195084154793164
700.0,-0.03882092979593016
800.0,-0.10441405649816721
900.0,-0.43553557466770915
1000.0,-0.8344863823452141
1100.0,-1.5034856700232377
1200.0,-2.853286384976526
1300.0,-4.318965517241379
1400.0,-3.0
