Elevation,Tendencia
400.0,0.42280701754385963
500.0,0.15247003308330348
600.0,0.14366717333072104
700.0,0.12010943161439079
800.0,0.050149772036037266
900.0,-0.0869920263984398
1000.0,-0.2885585008998079
1100.0,-0.4899169438294357
1200.0,-0.6224483631048593
1300.0,-0.9362930854110355
1400.0,-0.9122126451249106
1500.0,-0.9603815781983202
1600.0,-1.1378321194055996
1700.0,-0.8049913214805087
1800.0,-0.9040486824030634
1900.0,-0.8976004242343892
2000.0,-0.35294117647058826
2100.0,0.0
