Sen_slope,Area
n10,6.529364494362745
n09,2.744526508823529
n08,3.6005246920343126
n07,8.335937005269606
n06,13.050361978186277
n05,22.568334022058828
n04,24.17700480110296
n03,18.202689006188724
n02,6.477320764460783
n01,12.768322182904404
0,672.2007619514086
p01,1148.7582633986572
p02,332.4668662869475
p03,37.20932934258579
p04,3.6180969840073525
p05,0.0
p06,0.0
p07,0.0
p08,0.0
p09,0.0
p10,0.0
