Elevation,Tendencia
0,0.18936643455816388
100,-0.003508149526202066
200,-0.3447814089261278
300,-0.1495756541857492
400,-0.2826556586823011
500,-0.3641077654687461
600,-0.4517553339813702
700,-0.5368648605136392
800,-0.6260508501739934
900,-0.7188159525942652
1000,-0.7978284681885427
1100,-0.7355897268560013
1200,-0.4108365648647846
1300,-0.08590199129348701
1400,-0.010287716584478093
1500,-0.003922384703409593
1600,-0.014174646467641045
1700,0.0
1800,0.0
