Elevation,Tendencia
0,0.1626086289388025
100,0.13610031710446618
200,0.07139524031731218
300,0.011335492934627807
400,-0.10546797857881347
500,-0.1868642021467184
600,-0.2443576761349009
700,-0.32660969649647914
800,-0.48341430173001254
900,-1.1205862758161227
1000,-2.093065693430657
1100,-3.8059354838709676
1200,-6.019047619047619
1300,-8.62809917355372
1400,-11.0
