Sen_slope,Area
n10,52.67169648195464
n09,23.78323102144607
n08,40.74615572968752
n07,49.04210345101099
n06,61.87057077904418
n05,54.73990297922789
n04,62.09795160398282
n03,49.52868318535543
n02,47.69100390762871
n01,37.57514069500616
00,271.9656722332422
p01,764.7023205887576
p02,310.1671177225787
p03,152.07691707677657
p04,83.68444727689959
p05,50.13022083223034
p06,32.254808490349255
p07,14.553573939920339
p08,7.457751280024509
p09,1.9302073268688726
p10,4.686820571813726
