Elevation,Tendencia
0,0.1675719144716164
100,0.21151591756007151
200,0.16525347501229296
300,0.1306505019175556
400,-0.017476643329000282
500,-0.12219250048197416
600,-0.2287789180727083
700,-0.4252928903867758
800,-0.4938628723321085
900,-0.2593755450898308
1000,-0.07863054928517682
1100,-0.0015060240963855422
1200,0.05191256830601093
