Sen_slope,Area
n10,54.83393836501236
n09,28.045148631495078
n08,32.66898959938722
n07,40.30388528976711
n06,44.48714901084558
n05,42.84552916102941
n04,39.35919361973039
n03,32.286514879473025
n02,15.055743280024506
n01,14.925045496078427
00,60.7500373612132
p01,104.4799135981004
p02,35.395434349509756
p03,36.02421410974263
p04,26.048266461090698
p05,10.462317828860302
p06,5.112723332475488
p07,1.5025843500612746
p08,0.2141302082720588
p09,0.42837108866421575
p10,0.0
