Sen_slope,Area
n10,13.92880500447304
n09,3.2706012891544116
n08,6.188338726899512
n07,7.4790230776348
n06,11.439795579840684
n05,13.859577635600498
n04,13.099720081127439
n03,10.463449625857848
n02,7.692113320404417
n01,17.972489368627453
0,230.1619831497548
p01,370.3062433504307
p02,135.11662241311242
p03,108.16201700226723
p04,73.04006865680151
p05,38.34884960263473
p06,19.91004485116421
p07,6.433797729963238
p08,1.7133514460784316
p09,0.2142528681985294
p10,0.0
