Sen_slope,Area
-10,10.105003097916669
-9,3.4923395145220595
-8,6.744621527573531
-7,6.6099030506740215
-6,7.716884359926472
-5,11.469210717463248
-4,11.765381902818621
-3,6.308421291482839
-2,2.318824469914216
-1,1.044214793995098
0,42.607363660539264
1,242.50557942181482
2,155.00757030974316
3,48.9480777713848
4,7.719876883210786
5,0.4612911930147059
6,0.0
7,0.0
8,0.20199749840686276
9,0.0
10,0.0
