Sen_slope,Area
-10,42.21231862928919
-9,19.74060910741421
-8,38.701598839460814
-7,64.84776352371317
-6,85.46425715171577
-5,106.69896490140921
-4,122.46080204332112
-3,108.226228752941
-2,93.14815113903174
-1,86.77664572022069
0,218.4997534902569
1,86.0959424442404
2,172.9108527050246
3,147.73482509240182
4,122.62875763841883
5,80.19074044123748
6,41.23502890962013
7,17.93628550061274
8,6.97612614295343
9,7.274105897120095
10,4.939955451470586
