Sen_slope,Area
n10,82.9036741587623
n09,47.154275014276976
n08,85.76444654908097
n07,121.63799956562491
n06,182.0964046569242
n05,258.0893027145229
n04,255.8873920822289
n03,212.0405291919733
n02,211.20420199724234
n01,214.96102448339437
00,247.59946509099268
p01,423.74246363547894
p02,177.0063080549634
p03,75.74604086029426
p04,40.17281422904419
p05,47.4945440377451
p06,67.92541182383569
p07,95.6557370954043
p08,67.23890003155655
p09,19.40908744240196
p10,3.5469916696691164
