Sen_slope,Area
n10,6.2573075435049
n09,4.465950900490197
n08,4.28698974430147
n07,7.288503889031863
n06,12.864708693075974
n05,23.82187848927696
n04,32.9139712892157
n03,42.49052751029414
n02,43.310654434620126
n01,103.23628413033087
0,213.31954387702143
p01,491.7199027804209
p02,1033.8902587791465
p03,169.85814513789808
p04,47.193372353124985
p05,16.96781670508579
p06,11.571414313909322
p07,4.93816827714461
p08,2.1394271074142153
p09,0.0
p10,0.0
