Sen_slope,Area
-10,8.567538349142156
-9,3.8779927117034307
-8,5.587861628799019
-7,10.434165100980385
-6,14.198059873529411
-5,17.921258177512254
-4,30.023442413541666
-3,41.45774149644602
-2,28.017489957352943
-1,21.566350648468113
0,417.23722175545277
1,714.6759094428918
2,161.85044559246305
3,24.137592603431372
4,6.695135914093142
5,3.2863965113357843
6,1.499108539276961
7,0.8370661262254903
8,0.7905885422181372
9,1.15457845435049
10,3.6708986594362742
