Sen_slope,Area
-10,0.20032830281862746
-9,4.905757376041668
-8,23.29227375330883
-7,52.13010290624993
-6,44.676310788051495
-5,37.53152436678924
-4,31.24124969669116
-3,28.154033764767163
-2,38.92761764883577
-1,70.75643649442397
0,11.09506924865196
1,0.0
2,0.0
3,0.0
4,0.0
5,0.0
6,0.0
7,0.0
8,0.0
9,0.0
10,0.0
