Sen_slope,Area
n10,23.057477414399518
n09,9.39909624571078
n08,15.305039255024512
n07,19.873396125122547
n06,35.74587903314953
n05,57.306389036458306
n04,66.05064898952216
n03,67.39146500441187
n02,70.75143238897051
n01,122.94326231403177
0,391.4966103901346
p01,195.7603844015318
p02,87.01408709276957
p03,80.17361121844367
p04,51.59540402359063
p05,35.87277213939955
p06,18.418367568321077
p07,10.654993916850493
p08,5.514839853308822
p09,3.412675455637254
p10,6.857266586213236
