Elevation,Tendencia
3700.0,0.0
3800.0,0.0
3900.0,0.0
4000.0,0.0
4100.0,0.007512815084077091
4200.0,0.00181842479548687
4300.0,0.0
4400.0,-1.644566169571283E-5
4500.0,0.007288856675454465
4600.0,-2.1019236212258905E-4
4700.0,-1.2856766831043524E-4
4800.0,0.0
4900.0,0.0
5000.0,0.0
5100.0,0.0
5200.0,0.0
5300.0,0.0
5400.0,0.0
5500.0,0.0
5600.0,0.0
5700.0,0.0
5800.0,0.0
5900.0,0.0
6000.0,0.0
6100.0,0.0
