Sen_slope,Area
-10,0.0
-9,0.8289149302083335
-8,20.50336189191177
-7,47.24581224583327
-6,50.686771531311265
-5,30.06425552457107
-4,22.28870668829657
-3,21.987453731188715
-2,31.001341694791655
-1,62.454801104840655
0,17.65533190300245
1,0.0
2,0.0
3,0.0
4,0.0
5,0.0
6,0.0
7,0.0
8,0.0
9,0.0
10,0.0
