Sen_slope,Area
n10,0.0
n09,0.8486913856004903
n08,11.57506850631128
n07,44.56173302726711
n06,50.43550261642156
n05,30.003567931004877
n04,22.32442528897058
n03,21.6427288007353
n02,31.177096066115173
n01,62.82303181605395
00,17.832218086580895
p01,0.0
p02,0.0
p03,0.0
p04,0.0
p05,0.0
p06,0.0
p07,0.0
p08,0.0
p09,0.0
p10,0.0
