Sen_slope,Area
n10,37.06965807959563
n09,9.955090147303926
n08,7.239079097977941
n07,7.43955501439951
n06,10.00093801072304
n05,29.647944504901968
n04,68.46570921109058
n03,45.46363432549021
n02,21.625850460906868
n01,11.120511259129898
0,37.484680620343084
p01,32.01510055937498
p02,23.460006297610295
p03,23.62380404160539
p04,68.26752677935045
p05,73.7711903464461
p06,21.92954965502454
p07,0.6414627262254902
p08,0.0
p09,0.0
p10,0.0
