Elevation,Tendencia
0,0.14662565546682685
100,0.1918734763398404
200,0.14755586838570176
300,0.00282188110747737
400,-0.17367120783984571
500,-0.2697773248971145
600,-0.4585253736425436
700,-0.6009857997887572
800,-0.7394510118212783
900,-0.8749892896924
1000,-0.9496314496314496
1100,-0.5561681598897312
1200,-0.5408163265306123
1300,0.0
