Sen_slope,Area
-10,0.0
-9,0.0
-8,0.0
-7,0.0
-6,0.0
-5,0.0
-4,0.0
-3,0.0
-2,0.42715532181372545
-1,3.0198069461397066
0,845.9593657134789
1,1999.9334720158904
2,601.9600966613956
3,209.4616794547177
4,31.049475134558822
5,1.0419236898284312
6,0.0
7,0.0
8,0.0
9,0.0
10,0.0
