Sen_slope,Area
n10,0.21394461844362747
n09,4.863051120710786
n08,23.550894973468132
n07,46.37111363621319
n06,44.56463080992644
n05,37.12904005018385
n04,31.101833653002465
n03,28.240540390563744
n02,38.874946705943614
n01,50.43440685508576
00,10.99838695349264
p01,0.0
p02,0.0
p03,0.0
p04,0.0
p05,0.0
p06,0.0
p07,0.0
p08,0.0
p09,0.0
p10,0.0
