Sen_slope,Area
n10,29.88793785655637
n09,18.749439709436277
n08,33.0914547329044
n07,45.29501803860294
n06,61.65420173045341
n05,75.10604180931381
n04,72.35299251819842
n03,38.12110299313723
n02,14.914497453676482
n01,9.346385857230391
00,12.9388906521446
p01,95.12725297830895
p02,95.88641443026991
p03,34.85521760036766
p04,8.296296073345593
p05,0.0
p06,0.21422366102941176
p07,0.0
p08,0.21473738750000002
p09,0.0
p10,0.42766614938725495
