Sen_slope,Area
-10,37.98425766311286
-9,13.416352700980394
-8,21.242854360416672
-7,27.55851089779414
-6,32.382672835723035
-5,35.980557303063776
-4,31.444501289828462
-3,28.126738752267133
-2,31.71321760245097
-1,50.97150818363969
0,282.46308565949806
1,476.3707232972402
2,154.18237390894623
3,128.8263250557599
4,68.0397691737746
5,31.171540230024522
6,8.934309844424018
7,2.110468969914216
8,0.4625740094362745
9,0.0
10,0.0
