Sen_slope,Area
-10,45.71868824871323
-9,7.564193178982844
-8,7.093264218566177
-7,9.122506039828432
-6,21.791093431740197
-5,65.90815384362743
-4,116.82979402083333
-3,62.48362341507347
-2,30.97973017408088
-1,16.74075507996323
0,23.018515218933835
1,15.397625532352922
2,5.772119655575976
3,3.662500426164214
4,12.583748490379913
5,9.987302558762257
6,1.9292707000612748
7,0.0
8,0.0
9,0.0
10,0.0
