Elevation,Tendencia
0.0,0.2094594924182327
100.0,0.19922316160230857
200.0,0.09741860213588452
300.0,0.10089826029319354
400.0,0.04618418191138909
500.0,0.07047046184526627
600.0,-0.009590123352147656
700.0,-0.2634771044931072
800.0,-0.49000294526186317
900.0,-0.7232126880061325
1000.0,-0.22476438890015632
1100.0,0.14122635355512067
1200.0,0.008144796380090498
1300.0,0.06923076923076923
1400.0,0.009271978021978022
1500.0,-8.410428931875525E-4
1600.0,1.0
