Sen_slope,Area
n10,48.366664740196065
n09,26.307282193137237
n08,43.458313295894634
n07,65.9853078553309
n06,86.10015212769622
n05,133.927591248958
n04,163.7672953537991
n03,136.0047954958943
n02,146.1336717368259
n01,159.58098433468197
0,235.5313122495102
p01,469.3468711481631
p02,205.5847173100492
p03,103.44247883253674
p04,69.62843622696084
p05,74.4389543220589
p06,102.07892214601699
p07,112.12734718149491
p08,108.77989934552684
p09,73.67716880361532
p10,41.089750147365244
