Sen_slope,Area
n10,0.0
n09,0.21394461844362747
n08,4.8742355885416675
n07,34.907825816789206
n06,43.12844409718134
n05,30.414170270343128
n04,20.67663014001225
n03,13.065582269914227
n02,19.885753498529414
n01,30.864373173284307
0,3.6238247812499997
p01,0.0
p02,0.0
p03,0.0
p04,0.0
p05,0.0
p06,0.0
p07,0.0
p08,0.0
p09,0.0
p10,0.0
