Elevation,Tendencia
400,0.3237449216482879
500,0.19703633686349398
600,0.1555638218726751
700,0.07058477975529387
800,-0.017336044680968374
900,-0.1949450691029668
1000,-0.3071826840335925
1100,-0.47540200245167413
1200,-0.8041897510607301
1300,-1.2654284795642392
1400,-1.0844012637089635
1500,-1.2056236594128316
1600,-1.5597106840256252
1700,-1.0678845773705818
1800,-0.9668556761782536
1900,-1.146113486464979
2000,-0.680327868852459
2100,0.0
