Sen_slope,Area
n10,257.7551675382969
n09,157.14043524142164
n08,259.19719176960825
n07,478.74125830931416
n06,685.5533367185008
n05,447.94427993627386
n04,202.98675883223075
n03,142.16575558045335
n02,122.97900617046567
n01,142.5942781332107
0,34.211110465379925
p01,0.0
p02,0.0
p03,0.0
p04,0.0
p05,0.0
p06,0.0
p07,0.0
p08,0.0
p09,0.0
p10,0.0
