Sen_slope,Area
n10,0.0
n09,0.2125536786764706
n08,0.4270153881127451
n07,0.2132510331495098
n06,1.9206424308823529
n05,0.852499749264706
n04,1.277781707230392
n03,1.4924784446078432
n02,5.139836758333333
n01,36.83781926305146
00,110.46477866194851
p01,5.749894045588233
p02,1.0473839299019607
p03,1.9195223208333334
p04,0.667136528982843
p05,0.8517481857843138
p06,0.9061656373161765
p07,0.2123831029411765
p08,0.6395164133578431
p09,0.0
p10,0.852699324509804
