Elevation,Tendencia
-100.0,0.9441860465116279
0.0,0.1452637170682135
100.0,0.1431974893374034
200.0,0.27971189393267953
300.0,0.5232244775235416
400.0,0.7538964359418865
500.0,0.8448492665676105
600.0,1.031421060213195
700.0,0.7502659574468085
800.0,0.353950518754988
900.0,-0.15412186379928317
1000.0,0.0
