Elevation,Tendencia
-100.0,-0.019197207678883072
0.0,0.16230615077265853
100.0,0.29285442089549674
200.0,0.336027199811366
300.0,0.45870021182040954
400.0,0.4682776953604482
500.0,0.33088253620118135
600.0,0.07050758531937536
700.0,-0.27345381890836434
800.0,-0.33307978363759294
900.0,-0.07239819004524888
1000.0,-0.030223390275952694
1100.0,0.06294326241134751
1200.0,0.0
