Sen_slope,Area
n10,28.94125988376225
n09,23.637422969362746
n08,46.941631762867694
n07,98.67208948817397
n06,218.8208668261031
n05,336.66559982469255
n04,412.9586333508562
n03,297.67318728664253
n02,63.69306170263484
n01,16.683828022426464
0,5.9769019799019585
p01,1.9233428474877448
p02,0.0
p03,0.0
p04,0.0
p05,0.0
p06,0.0
p07,0.0
p08,0.0
p09,0.0
p10,0.0
