Sen_slope,Area
n10,16.236306887867638
n09,12.89683294865195
n08,22.879326069485295
n07,37.44296095526961
n06,47.36825562279411
n05,54.94399781966923
n04,56.15047274276955
n03,31.434650000367625
n02,9.412715193995098
n01,9.399935780269605
0,10.816965413419112
p01,113.49202084663004
p02,91.29688994142187
p03,47.969296264522036
p04,14.341883293259812
p05,3.23397129252451
p06,0.8818023251838234
p07,0.0
p08,0.2141487225490196
p09,0.21473738750000002
p10,0.0
