Sen_slope,Area
-10,54.4191760616421
-9,28.453777073223062
-8,32.408847799264706
-7,39.929689489767206
-6,44.21382439062505
-5,42.90520390496328
-4,39.201976353615215
-3,32.40933609099266
-2,15.094280706250002
-1,14.854912623100498
0,59.22208701562498
1,103.28101958952203
2,35.54783732738975
3,35.68795220349262
4,26.021876538970602
5,10.475499239399515
6,5.067403069546567
7,1.47510847622549
8,0.20291087990196077
9,0.4341705545955883
10,0.0
