Sen_slope,Area
n10,16.6161502528799
n09,6.368994484558823
n08,9.398127977450983
n07,10.986210595465685
n06,17.718816482843145
n05,19.596182389828442
n04,29.82711042371322
n03,18.96696449803921
n02,14.283583506495086
n01,7.411905204105394
00,153.65396005447306
p01,457.0344202730383
p02,326.2148805784938
p03,98.87595222169112
p04,17.80241088468138
p05,3.851545599203432
p06,0.4279640054534314
p07,0.0
p08,0.0
p09,0.0
p10,0.0
