Elevation,Tendencia
0.0,0.16441665112857445
100.0,0.1729824486417887
200.0,0.3017530970636947
300.0,0.5189976198774283
400.0,0.6874867674859148
500.0,0.7486261014836894
600.0,0.7958208189876199
700.0,0.728141480629684
800.0,0.44517899463639765
900.0,0.24032586558044808
1000.0,0.027888446215139442
1100.0,0.0
