Sen_slope,Area
n10,0.8346681153186275
n09,0.8573856163602942
n08,3.2001390645220598
n07,3.2170471414215682
n06,4.93230560735294
n05,6.802906038480393
n04,5.175964783026965
n03,4.281447589583332
n02,2.359079483026961
n01,1.9044833274509805
00,0.0
p01,1.4673106835784315
p02,2.7488075066789217
p03,2.566200434375001
p04,2.7748162665441174
p05,1.2753610116421572
p06,0.8582711419730393
p07,0.21411198805147055
p08,0.21407667610294118
p09,0.0
p10,0.0
