Sen_slope,Area
n10,586.3627555396439
n09,234.36056113651924
n08,307.55128427254857
n07,343.66585175943595
n06,432.320611476838
n05,472.85373332757376
n04,419.5114475810044
n03,296.0686296966905
n02,154.04291704295335
n01,93.50456523192406
0,49.57900003419114
p01,11.360216131127448
p02,0.0
p03,0.42717720220588234
p04,0.42785903014705884
p05,0.0
p06,0.41331014730392157
p07,0.21393999258578428
p08,0.6404143006740197
p09,0.0
p10,0.0
