Sen_slope,Area
-10,7.459789779166664
-9,5.701616787071078
-8,14.652263901225494
-7,21.660863017830895
-6,29.17042703805147
-5,35.787154384926524
-4,35.21687305379904
-3,31.03164367346816
-2,35.41404667500002
-1,44.9176955618872
0,344.2024411670339
1,617.7869026999975
2,111.69527715018367
3,72.20678870490195
4,65.79074963694845
5,44.930150185171584
6,30.23923822230392
7,20.8309319040441
8,19.080896249264708
9,17.469452232169107
10,29.99277672787992
