Sen_slope,Area
n10,40.09204284675245
n09,12.208254191176476
n08,20.148383269117666
n07,29.296432447058834
n06,61.42097689448533
n05,105.88887304086988
n04,202.8638257799632
n03,128.42986458210788
n02,32.11844709724263
n01,45.19768134963235
00,93.32527922757332
p01,37.55573177628677
p02,19.816920671997543
p03,40.231511245894616
p04,61.11851535006122
p05,38.22560560386032
p06,9.627721153247553
p07,0.4277223058210784
p08,0.0
p09,0.0
p10,0.0
