Elevation,Tendencia
0,0.2585318426057701
100,0.40881616509576896
200,0.4564189816617641
300,0.46662661048660653
400,0.4712063024908478
500,0.4392555270407082
600,0.37308780786293405
700,0.3086261395391452
800,0.25829646017699115
900,0.11877076411960133
1000,0.3556231003039514
1100,0.4935064935064935
1200,0.17391304347826086
