Sen_slope,Area
n10,21.134560604350508
n09,29.905816829718148
n08,57.364920540502396
n07,103.92023824448518
n06,156.15014493308794
n05,323.63847811421545
n04,826.6918358029412
n03,716.3300671106639
n02,60.09717540312497
n01,11.008459444240202
0,32.12618328609067
p01,20.445973694424023
p02,0.21393894319852938
p03,1.2635008388480389
p04,0.6397903601102941
p05,0.0
p06,0.0
p07,0.21391670790441175
p08,0.2125695447916667
p09,0.641137692401961
p10,0.6411265819852942
