Sen_slope,Area
n10,25.054918648897072
n09,10.69204363409927
n08,21.388358502879875
n07,28.94506730303305
n06,27.894591183272073
n05,33.830235433272094
n04,37.0082863
n03,30.85520252356001
n02,26.328062159037987
n01,19.013822991299037
0,238.40301368866432
p01,693.7738598299637
p02,301.9320990697598
p03,119.63576830597405
p04,96.71474204969351
p05,67.15856014843746
p06,43.80967997509193
p07,30.137616759099302
p08,14.584177295526965
p09,8.776832258792894
p10,14.129813993933816
