Sen_slope,Area
-10,1.3271631393382355
-9,4.745263632107845
-8,15.548242312132341
-7,33.42094939754905
-6,60.8556138273284
-5,66.56647403480396
-4,51.067960507107884
-3,43.92406527040436
-2,54.28657178743874
-1,90.31485334626254
0,332.2670168310689
1,570.0923109318016
2,99.59505384068626
3,56.754027063786765
4,35.62035932598038
5,11.943406554166671
6,4.889969942095586
7,0.46295806323529415
8,0.0
9,0.0
10,0.0
