Elevation,Tendencia
-100.0,0.042242146894995135
0.0,0.19936245646376405
100.0,0.38340493612131976
200.0,0.4286844014222687
300.0,0.48347933226150586
400.0,0.5360977120856751
500.0,0.5467819823126598
600.0,0.46131165984520783
700.0,0.46733668341708545
800.0,0.30962115017715997
900.0,0.1041388518024032
1000.0,0.0
1100.0,0.40217391304347827
1200.0,0.0
