Sen_slope,Area
-10,106.57013070863992
-9,214.52708796145845
-8,374.9534599449738
-7,461.17147129712
-6,355.53517133320935
-5,256.415404184068
-4,139.38248442916694
-3,107.04518253799021
-2,145.8867789768996
-1,256.6783958132966
0,28.9844261543505
1,0.6052949021446078
2,0.0
3,0.0
4,0.0
5,0.0
6,0.0
7,0.0
8,0.0
9,0.0
10,0.0
