Sen_slope,Area
-10,45.79183880386033
-9,32.629814273468135
-8,63.90945278541669
-7,125.82322273719342
-6,234.27880378786722
-5,474.66152293229203
-4,1159.549064387506
-3,770.9300951359689
-2,82.34392381464468
-1,29.273524663480373
0,23.689259167095596
1,11.773474875551463
2,0.0
3,1.0955090592524508
4,0.4325397507965687
5,0.4318895775735294
6,0.4326806136642157
7,0.0
8,0.20168028125
9,0.0
10,1.4142657739583333
