Sen_slope,Area
n10,0.8469245691789217
n09,0.8474630697303921
n08,1.2866487943627452
n07,2.1329295919117652
n06,5.137865028124999
n05,4.905377120894607
n04,3.8321415329656854
n03,4.918111246446078
n02,1.5019233503063727
n01,1.4895323919117645
0,0.0
p01,1.0606229139093137
p02,4.507881053860295
p03,3.600708167463235
p04,2.552337625183823
p05,1.9283573517156862
p06,1.9311728449754906
p07,1.275328192647059
p08,0.21407667610294118
p09,0.0
p10,0.0
