Sen_slope,Area
n10,98.75207940104166
n09,208.35202932849296
n08,363.15196800104104
n07,425.8797790001828
n06,350.0879382652573
n05,252.43550549375027
n04,138.82802022837043
n03,107.02210802261028
n02,145.50357002935073
n01,243.35972524920373
00,28.873315064767123
p01,0.6378451124387255
p02,0.0
p03,0.0
p04,0.0
p05,0.0
p06,0.0
p07,0.0
p08,0.0
p09,0.0
p10,0.0
