Sen_slope,Area
n10,32.96089714920342
n09,92.49171191917901
n08,255.80186034044118
n07,459.5839472539204
n06,423.2509530517154
n05,297.9328253268996
n04,170.8790168208338
n03,82.6729351270221
n02,65.16430349264711
n01,75.75900206985291
0,11.057880958700988
p01,0.0
p02,0.0
p03,0.0
p04,0.0
p05,0.0
p06,0.0
p07,0.0
p08,0.0
p09,0.0
p10,0.0
