Sen_slope,Area
-10,271.33665202040316
-9,395.02767437548954
-8,627.6346870322948
-7,458.0821988474868
-6,296.19388507457165
-5,235.18335674068624
-4,216.90245667107777
-3,207.77316155122517
-2,214.7744826995098
-1,218.2111331469362
0,31.0849767889706
1,12.608751990563722
2,0.4311620775735294
3,0.0
4,0.0
5,0.0
6,0.0
7,0.0
8,0.0
9,0.0
10,0.0
