Sen_slope,Area
n10,13.516621292708335
n09,3.334899492892156
n08,3.55980505827206
n07,4.042281662990197
n06,3.6720969496323526
n05,5.878926483149507
n04,4.708492648223039
n03,5.503492065441176
n02,8.187013335294113
n01,12.510639132781867
0,447.1966567403812
p01,425.8062137887862
p02,42.18662292205875
p03,1.2808599453431375
p04,0.4006914378676471
p05,0.2139680261029412
p06,0.0
p07,0.0
p08,0.0
p09,0.0
p10,0.0
