Elevation,Tendencia
0,0.16242003060454407
100,0.13923948966584335
200,0.21231942870794607
300,0.345271031754688
400,0.3637032148590354
500,0.3257391425507348
600,0.29282335252484504
700,0.23768161718256475
800,-0.1452841973766396
900,-0.6562721474131822
1000,-1.098901098901099
1100,-0.42105263157894735
