Sen_slope,Area
n10,0.0
n09,0.4559679320465686
n08,2.5915990264399507
n07,3.637022958333333
n06,8.780094767432596
n05,12.361430700827206
n04,9.771269998988972
n03,6.1837800820465665
n02,2.360585213020834
n01,3.903790191973038
0,138.11362217852314
p01,714.5052968773947
p02,279.7678098379918
p03,107.13487131528801
p04,87.97877042172172
p05,58.61965744065564
p06,56.845416386305125
p07,40.57705826887254
p08,35.82757599840682
p09,32.400537914491416
p10,59.974698666697336
