Sen_slope,Area
n10,30.847991093811284
n09,9.190349911703429
n08,18.390443559681383
n07,25.13910365704658
n06,45.87069512751227
n05,78.39186899142159
n04,161.28050995741418
n03,121.95945709834568
n02,32.45141998737742
n01,41.536234881678936
0,109.71851397984082
p01,53.1110316864583
p02,25.387818369056365
p03,90.50278415698546
p04,140.6041634379292
p05,98.34255525925224
p06,34.90669158321081
p07,3.639980640318627
p08,0.0
p09,0.0
p10,0.0
