Elevation,Tendencia
-100.0,0.049970255800118976
0.0,0.10733660961722713
100.0,0.23181739686952715
200.0,0.24964324789956335
300.0,0.19952706258363326
400.0,-0.004352425251137623
500.0,-0.18796113638710651
600.0,-0.5030454009082566
700.0,-0.6198083067092651
800.0,-0.8458966843744276
900.0,-1.2278186749321969
1000.0,-0.5742392444910808
1100.0,-0.4835423197492163
