Sen_slope,Area
-10,50.67616046537997
-9,25.076371352450987
-8,41.440400652696034
-7,50.175935595281764
-6,64.16376659846829
-5,64.0003339104779
-4,71.04158042310065
-3,64.02540417714464
-2,51.53992938186273
-1,41.72049696072299
0,269.2688174873774
1,740.8360448130569
2,287.09664356397064
3,129.3242792841914
4,81.08990045502459
5,54.120584966115125
6,31.17665927285544
7,16.361752599571073
8,7.872645713602944
9,2.6349039499387255
10,5.703465121507351
