Sen_slope,Area
-10,40.31013443143383
-9,11.170506823774508
-8,19.72438125373775
-7,28.500309250490197
-6,58.70270791881126
-5,114.16446105772076
-4,229.11490796170347
-3,170.91565316004917
-2,41.522525327144564
-1,46.80319567169116
0,97.60163999056377
1,39.238566987683775
2,21.125361650980395
3,44.71672265055141
4,61.848123477634864
5,37.51503990931374
6,7.796027585294118
7,0.20098461170343138
8,0.0
9,0.0
10,0.0
