Sen_slope,Area
n10,8.431195106311272
n09,4.482672914644607
n08,7.4552446476715675
n07,8.930580331249995
n06,19.39542197089462
n05,26.926322926593134
n04,43.0086742572917
n03,48.4118205051471
n02,53.82971665343139
n01,134.28727919920337
00,225.48168201108996
p01,366.0402493896141
p02,960.6534109244897
p03,147.86912739111474
p04,32.11041537261027
p05,10.95396596053922
p06,7.302206599999998
p07,1.075850565257353
p08,0.21452324227941177
p09,0.0
p10,0.0
