Sen_slope,Area
n10,0.0
n09,1.5292849958639703
n08,8.2350640984375
n07,15.384349738664213
n06,21.060873071599254
n05,19.581716976501227
n04,13.68987461176471
n03,5.997786222916668
n02,2.348519151072305
n01,7.108526336274505
00,121.91830417447933
p01,671.7157859178637
p02,350.563494236794
p03,156.03890222950454
p04,77.96429787221201
p05,43.79949833069852
p06,24.213617383425248
p07,19.018702757107853
p08,18.714911082383605
p09,16.635393830024494
p10,16.580928724356607
