Sen_slope,Area
n10,9.137622083700984
n09,3.3713185225490183
n08,4.470526027022058
n07,5.045542068198528
n06,4.041070490441177
n05,2.7682840436274514
n04,2.3466074871936278
n03,2.5617207721200983
n02,1.9208148451593139
n01,1.6674182818014707
00,0.4263214925245098
p01,2.332774481740196
p02,3.386388463602941
p03,3.1825000491421562
p04,3.1868705575980396
p05,4.478478957781863
p06,3.198366509313725
p07,2.1086029657475494
p08,1.7056593080269606
p09,2.103736398713235
p10,5.966832883639706
