Elevation,Tendencia
-200.0,0.019071837253655435
-100.0,0.03184898354307841
0.0,0.14319643669073143
100.0,0.1540422908805619
200.0,0.08770186143984221
300.0,0.05642257987288997
400.0,-0.004928241386972351
500.0,0.008025608780153196
600.0,0.013913378001474689
700.0,-0.010298692740341144
800.0,-0.1061592511608481
900.0,-0.5283567403166651
1000.0,-1.2292942127757884
1100.0,-2.4365238285943134
1200.0,-4.341935483870968
1300.0,-4.819444444444445
