Sen_slope,Area
n10,27.16695981890319
n09,7.482489161734071
n08,17.033772662653195
n07,27.282212107720575
n06,50.67720191537989
n05,85.70555475621926
n04,110.14251460484061
n03,107.95404246121343
n02,96.46755768704068
n01,120.93671758446712
0,633.7323626233183
p01,1276.922546830422
p02,424.9037983763155
p03,256.5756949522654
p04,100.44894071363345
p05,63.60149514344363
p06,50.28134092889091
p07,49.310177270863925
p08,44.897074087990205
p09,40.586904057077255
p10,96.99843352193655
