Sen_slope,Area
n10,58.01341622665449
n09,45.281277765870186
n08,73.23917144901964
n07,155.38582991678874
n06,245.9918021226716
n05,415.60378756243836
n04,494.7205953188732
n03,294.51813504644736
n02,103.46071768370118
n01,43.143559823223114
00,3.8219866254289214
p01,1.04624468247549
p02,0.0
p03,0.0
p04,0.0
p05,0.0
p06,0.0
p07,0.0
p08,0.0
p09,0.0
p10,0.0
