Elevation,Tendencia
0,0.18680167614527862
100,-0.0020357733149722673
200,-0.34735174253197254
300,-0.1486080953871379
400,-0.2828878454371898
500,-0.3635212165346943
600,-0.45456863666221015
700,-0.525223498710798
800,-0.6304771091351563
900,-0.7140581810684798
1000,-0.8113561849904214
1100,-0.7534011884022435
1200,-0.4132158001278387
1300,-0.08764968701987372
1400,-0.012697811060584409
1500,-0.0042102563081978395
1600,-0.014853857211308101
1700,0.0
1800,0.0
