Elevation,Tendencia
0.0,0.10009017241389936
100.0,0.11912820930458243
200.0,0.05329208051808895
300.0,-0.00936166523182133
400.0,-0.1035740007511621
500.0,-0.26001045934491884
600.0,-0.3394276346270359
700.0,-0.37174170616113744
800.0,-0.3045032165832738
900.0,0.0
