Sen_slope,Area
-10,32.61584906390931
-9,19.17522757935049
-8,33.589496487132344
-7,65.45883048743872
-6,111.61199694889714
-5,133.15170044485276
-4,110.74266713265935
-3,93.12444122696084
-2,98.7344038990197
-1,139.7786314891544
0,397.1664972566792
1,252.6941703093133
2,90.9907156240198
3,66.01657860018383
4,40.95575112120102
5,27.198871833026946
6,11.643948585539214
7,11.214029679718138
8,4.857103448897055
9,2.1973628279411765
10,7.036008356495097
