Sen_slope,Area
n10,9.788920518749999
n09,10.885980285845587
n08,39.43107221329653
n07,79.1288334518381
n06,74.82191595085789
n05,53.224633977573596
n04,40.152217410110254
n03,33.92640495435051
n02,34.863239521078405
n01,15.772832609129898
0,5.759445104473037
p01,3.202898749938724
p02,0.0
p03,0.0
p04,0.0
p05,0.0
p06,0.0
p07,0.0
p08,0.0
p09,0.0
p10,0.0
