Sen_slope,Area
n10,542.1027128335757
n09,138.22862725477924
n08,193.27655079105398
n07,236.46648842126223
n06,318.6114934473034
n05,379.0636577828422
n04,376.48419642212247
n03,306.02840591176584
n02,272.4070002479778
n01,268.40243064099286
00,235.8413899038604
p01,551.4279735175221
p02,341.917025353002
p03,210.58678705245163
p04,122.3419922871323
p05,85.45437586850497
p06,58.12462661531862
p07,31.999407734865184
p08,15.352080942095586
p09,10.227730679779407
p10,11.089958485416666
