Sen_slope,Area
n10,43.1507768035539
n09,15.437843061642166
n08,24.68750542028186
n07,29.87929611807598
n06,31.242172613480374
n05,32.22302986096812
n04,31.020908311213237
n03,25.991599864522055
n02,31.812481425919113
n01,46.76755591096811
00,298.8756819639713
p01,501.7919660814347
p02,175.76418195919175
p03,150.01739348566156
p04,81.6731174609071
p05,36.4389823442402
p06,12.789555731188733
p07,1.5003783210784314
p08,0.21488787892156863
p09,0.0
p10,0.0
