Sen_slope,Area
n10,0.0
n09,0.0
n08,0.0
n07,0.0
n06,0.0
n05,0.0
n04,0.0
n03,0.0
n02,0.4283288417892156
n01,1.9275597884191176
00,866.2109211879317
p01,1951.397733346978
p02,583.7283534620096
p03,208.31214749197318
p04,30.116092545220642
p05,1.0696246264705882
p06,0.0
p07,0.0
p08,0.0
p09,0.0
p10,0.0
