Elevation,Tendencia
0,0.22036731310338353
100,0.1370960174215494
200,0.020240752149633386
300,-0.059073932108406835
400,-0.1517567909780624
500,-0.19287819866532238
600,-0.3374011355743561
700,-0.553559997092634
800,-0.8788557637215956
900,-1.0382038855327567
1000,-0.7403417725738041
1100,-0.22375290023201855
1200,0.02937365010799136
1300,0.039884544738913674
1400,0.05014025245441795
1500,0.03524229074889868
1600,0.9894736842105263
