Sen_slope,Area
n10,261.8341042991433
n09,390.71810965202127
n08,609.5989817435695
n07,440.0760021841291
n06,297.9241476920342
n05,233.36052534068696
n04,218.48988147702258
n03,209.46696004736526
n02,215.79817625906912
n01,219.87752788504878
00,31.383526170833342
p01,12.820813051470587
p02,0.426951475245098
p03,0.0
p04,0.0
p05,0.0
p06,0.0
p07,0.0
p08,0.0
p09,0.0
p10,0.0
