Sen_slope,Area
n10,277.1793606939342
n09,164.71232031807602
n08,313.244607227512
n07,671.6826373669677
n06,619.7046868420925
n05,315.0670041940561
n04,183.29361516053896
n03,142.155017935478
n02,148.4388940669729
n01,294.6644960987129
00,49.065424962316094
p01,0.21372872653186276
p02,0.21356150098039217
p03,0.0
p04,0.0
p05,0.0
p06,0.0
p07,0.0
p08,0.0
p09,0.0
p10,0.0
