Sen_slope,Area
n10,0.0
n09,0.0
n08,0.0
n07,0.0
n06,0.0
n05,0.0
n04,0.0
n03,0.0
n02,0.21369772414215688
n01,2.1412589854779407
0,789.9888374935705
p01,1855.5440749268287
p02,591.939676374816
p03,211.28431764289212
p04,35.44178792843139
p05,2.1257895066789216
p06,0.0
p07,0.0
p08,0.0
p09,0.0
p10,0.0
