Sen_slope,Area
n10,8.760792773039215
n09,3.8526669149509787
n08,4.499339893995097
n07,13.299496777696078
n06,18.66492378192402
n05,26.66887057273285
n04,33.68113939558819
n03,24.147730456801472
n02,9.263393140563727
n01,14.599170328431363
00,642.1526023268981
p01,1067.5514013520842
p02,275.53178303750036
p03,28.667719290502436
p04,3.4237361599264697
p05,0.21397854227941177
p06,0.0
p07,0.0
p08,0.0
p09,0.0
p10,0.0
