Sen_slope,Area
-10,172.5004534284923
-9,57.41221125416669
-8,88.88265804417891
-7,113.01629340735268
-6,175.8914656069241
-5,167.87295325741405
-4,139.6466201028802
-3,102.80606722279393
-2,101.98332336011045
-1,140.73510182414213
0,798.582733613111
1,1721.3780918426544
2,1291.2643369048453
3,779.5523428432574
4,291.06037269840624
5,85.72646807469356
6,22.34835560563726
7,10.433634725735295
8,3.7919397509191177
9,1.9450165109068627
10,5.755167797242646
