Elevation,Tendencia
0,0.21755388037031223
100,0.13705669449089797
200,0.019035724128795978
300,-0.0563248183583712
400,-0.15104188823971645
500,-0.19463646740700566
600,-0.32664671889446323
700,-0.5701703122172294
800,-0.8804598266715911
900,-1.0316305000896693
1000,-0.7317896556913999
1100,-0.23034707801839216
1200,0.00608695652173913
1300,0.05420901746155851
1400,0.030544949670253386
1500,0.030415430267062313
1600,1.0515463917525774
