Sen_slope,Area
n10,714.8567738524529
n09,525.315894784743
n08,769.2296644248776
n07,876.2436298052667
n06,850.8436328053833
n05,658.2447411657458
n04,406.8276221757965
n03,289.76538978406904
n02,281.81901884669116
n01,382.6771378402566
00,59.38620183412991
p01,0.6401098979779412
p02,0.0
p03,0.0
p04,0.0
p05,0.0
p06,0.0
p07,0.0
p08,0.0
p09,0.0
p10,0.0
