Sen_slope,Area
n10,119.23547053118868
n09,210.23335469730404
n08,426.2012246792275
n07,609.0226331588223
n06,441.01837501544145
n05,267.01718687567376
n04,200.85442130030663
n03,171.62129688897062
n02,165.2342336455888
n01,161.68848279583335
0,30.566653000122567
p01,4.059237542034314
p02,0.0
p03,0.0
p04,0.0
p05,0.0
p06,0.0
p07,0.0
p08,0.0
p09,0.0
p10,0.0
