Sen_slope,Area
-10,200.90767575931383
-9,73.64592240330882
-8,97.62633119681375
-7,141.2624683357843
-6,167.1829440292894
-5,168.16549844007343
-4,165.31428588063685
-3,194.0806571874386
-2,419.57286270802746
-1,276.89313193406764
0,4.389989258700981
1,151.8699612354167
2,233.00425238278174
3,104.5825975017158
4,45.66743322046568
5,15.861419681862754
6,2.4330603939950977
7,0.20158784111519606
8,0.0
9,0.0
10,0.4633270857843137
