Sen_slope,Area
-10,65.9254891713235
-9,10.562618609313727
-8,28.440347617830884
-7,50.955302286825955
-6,81.10918710980395
-5,73.81540275747541
-4,52.0072064553922
-3,59.43199651678923
-2,61.34933174283086
-1,123.04562181672814
0,323.44570751911766
1,494.261920358883
2,192.85975722855412
3,112.15983850563693
4,50.666345033455855
5,22.239804034497535
6,8.998639590012251
7,2.2265373014093135
8,0.4614883454044118
9,0.0
10,0.0
