Sen_slope,Area
-10,0.20250519019607843
-9,1.7934549494485297
-8,6.8179279669730395
-7,15.890915093443631
-6,21.801048369975494
-5,24.323436238664186
-4,15.934766889276963
-3,6.309504506985297
-2,3.6177970269607855
-1,12.808440722671559
0,112.16524532634811
1,626.1523880072924
2,319.9942540656242
3,142.43183177297834
4,70.27094945367645
5,45.10954053014705
6,27.19418277420342
7,23.10129306875
8,21.200437770404413
9,18.200211151593134
10,22.591928524080906
