Sen_slope,Area
n10,122.20514193075978
n09,40.30213697475487
n08,45.744263709681384
n07,72.30174466795341
n06,91.7549340714461
n05,112.96571408002441
n04,100.82647834313745
n03,94.17579532113967
n02,93.7808459879288
n01,137.96985059295355
0,753.6508981435044
p01,1581.2309395902432
p02,1243.860443892522
p03,829.0641619944295
p04,346.9391916970599
p05,99.85016545618892
p06,30.294693928247536
p07,6.7647383303921576
p08,4.259023728063727
p09,0.8570923628063725
p10,6.650575072977942
