Sen_slope,Area
-10,30.146111185049016
-9,18.849112014338257
-8,33.386765761642145
-7,44.987338517769736
-6,61.47120926740196
-5,75.48615385159312
-4,72.84879146317395
-3,38.086726328615214
-2,14.924821603002446
-1,9.285613287745097
0,12.796694099816188
1,95.49844736047797
2,96.47336211213229
3,34.89043351360295
4,8.414057483517157
5,0.0
6,0.2308523675245098
7,0.0
8,0.2306875880514706
9,0.0
10,0.4333921979779412
