Elevation,Tendencia
0,0.2632493409623919
100,0.40945337107770824
200,0.45629651860744297
300,0.4670080936485436
400,0.4693469230286119
500,0.4358174152672115
600,0.3795155365069646
700,0.3051150426253552
800,0.2611172363101801
900,0.13636363636363635
1000,0.3498452012383901
1100,0.4935064935064935
1200,0.2553191489361702
