Sen_slope,Area
n10,141.59423669399504
n09,309.1697480261641
n08,662.0700719446663
n07,619.763929284621
n06,299.4573883992642
n05,206.9378178080881
n04,173.00128664895823
n03,185.76798548560046
n02,217.57757667046567
n01,347.40833454123793
00,43.183631533578456
p01,2.7751816281250004
p02,0.0
p03,0.0
p04,0.0
p05,0.0
p06,0.0
p07,0.0
p08,0.0
p09,0.0
p10,0.0
