Sen_slope,Area
-10,14.095577259129906
-9,3.722938485968137
-8,3.0101990713848044
-7,5.544455325183826
-6,4.565550983149512
-5,5.811107745465688
-4,6.038828902022059
-3,9.2453886963848
-2,9.294264563541663
-1,14.869489881004903
0,403.3124892474873
1,423.7302178876233
2,35.11928976832106
3,0.20232492910539215
4,0.20236495122549017
5,0.4606344402573529
6,0.19405862542892155
7,0.0
8,0.0
9,0.0
10,0.0
