Elevation,Tendencia
0,0.16150209604320007
100,0.1401236131241579
200,0.21225098419093058
300,0.3425244389531111
400,0.37029300221137623
500,0.3237277230547512
600,0.29477693941835764
700,0.22237202109520599
800,-0.1546713234376949
900,-0.6870332654446707
1000,-1.1713147410358566
1100,0.0
