Sen_slope,Area
n10,45.66751014001229
n09,7.621568363357846
n08,7.22987434142157
n07,9.138322533946072
n06,21.908226547365224
n05,66.19539246458338
n04,108.79858945116425
n03,63.01439415962001
n02,31.001643827941184
n01,16.9038177841299
00,22.99465729362745
p01,15.173349803063724
p02,5.767158649387255
p03,3.6118351897671563
p04,12.573718469362746
p05,10.035431006495099
p06,1.9234663493872552
p07,0.0
p08,0.0
p09,0.0
p10,0.0
