Sen_slope,Area
n10,0.0
n09,0.0
n08,0.0
n07,0.2135473637867647
n06,0.0
n05,0.0
n04,0.0
n03,0.2128286449754902
n02,0.0
n01,0.21318681642156861
00,37.59766762843143
p01,20.237927475245097
p02,3.0117617626225477
p03,0.8540666976102942
p04,0.8510026193014706
p05,0.6386135296568627
p06,0.8437173403186274
p07,1.3056012924019607
p08,0.6375292741421569
p09,0.905480040257353
p10,1.0882550912377449
