Elevation,Tendencia
3700.0,0.0
3800.0,0.0
3900.0,0.0
4000.0,-0.004436486905501087
4100.0,0.013487535028872934
4200.0,4.832018257114979E-4
4300.0,0.0
4400.0,0.0
4500.0,0.0075316390679754045
4600.0,0.0
4700.0,0.0
4800.0,0.0
4900.0,0.0
5000.0,0.0
5100.0,0.0
5200.0,0.0
5300.0,0.007193002647024973
5400.0,0.0
5500.0,0.0
5600.0,0.0
5700.0,0.0
5800.0,0.0
5900.0,0.0
6000.0,0.0
6100.0,0.0
