Sen_slope,Area
n10,16.732512306985292
n09,8.269203461580885
n08,14.99852321985295
n07,23.22424651574755
n06,24.28512589399511
n05,29.82355942205881
n04,17.32656416390931
n03,10.55256430306373
n02,10.555248553308825
n01,12.315382125551473
0,100.99961354215702
p01,114.18784704185052
p02,32.68632568743872
p03,9.764922393259795
p04,7.181102557536763
p05,1.0679234561274509
p06,0.0
p07,0.0
p08,0.17117533088235296
p09,0.0
p10,0.0
