Sen_slope,Area
-10,135.92613200606635
-9,87.96362440122559
-8,113.05379609209558
-7,144.34351323511055
-6,153.974327042525
-5,191.12214250772118
-4,172.83404223437515
-3,105.76353605618887
-2,40.56994272696083
-1,20.249096682291658
0,16.270210144975486
1,186.0710032658087
2,225.53495522236452
3,72.07009233474263
4,16.838541242279415
5,3.058738265931372
6,1.06822495
7,0.20148697745098043
8,0.0
9,0.0
10,0.0
