Sen_slope,Area
n10,6.795791046078433
n09,5.1838383347426475
n08,11.058188193443636
n07,11.18367335827205
n06,14.138652229840691
n05,18.1431942211397
n04,21.589745009620096
n03,16.712845969546564
n02,10.797823577818628
n01,14.797644077144609
00,287.39810472598015
p01,61.09299743370091
p02,1.925134559865196
p03,2.9944521079656874
p04,0.0
p05,0.0
p06,0.0
p07,0.0
p08,0.0
p09,0.0
p10,0.0
