Sen_slope,Area
n10,439.1385863097401
n09,115.61655087046564
n08,139.82865360686242
n07,186.06464138860295
n06,239.0957031478557
n05,310.02319802444913
n04,335.4347642623169
n03,274.28567588333385
n02,232.90056305330899
n01,214.37677696960765
0,210.33904585349242
p01,511.68351942420355
p02,308.8035719318017
p03,184.69774513014687
p04,97.9220737500614
p05,66.0505136129289
p06,48.30758909479159
p07,32.681597737009824
p08,24.150286100183816
p09,15.981914561519602
p10,22.5493609125
