Sen_slope,Area
n10,19.40235825465688
n09,40.685970681372524
n08,96.79125304503667
n07,130.52179775312493
n06,107.33836377359074
n05,81.4138303246937
n04,67.16896741544123
n03,56.475908222855416
n02,56.570298856311254
n01,28.36133085392154
00,10.019301075122545
p01,7.479074751409313
p02,0.21347457598039216
p03,0.0
p04,0.0
p05,0.0
p06,0.0
p07,0.0
p08,0.0
p09,0.0
p10,0.0
