Sen_slope,Area
n10,0.0
n09,0.0
n08,1.9331965114583332
n07,6.2499633830269605
n06,14.622621306985284
n05,19.706465677941193
n04,15.647690141850498
n03,13.526477410355403
n02,11.325333299509792
n01,33.750155873406854
0,261.2164640328739
p01,415.84966111908653
p02,104.55689484690554
p03,72.42583303844981
p04,47.85926101685051
p05,19.263771816973037
p06,6.60761880661765
p07,1.2880250110906866
p08,0.0
p09,0.0
p10,0.0
