Sen_slope,Area
n10,36.52688640882359
n09,11.12227369068628
n08,20.352102474693623
n07,17.608033332046567
n06,28.374682370710765
n05,31.648298741911788
n04,43.87330171145824
n03,31.93060167591905
n02,17.21592602346814
n01,9.693851914031868
00,16.995383609191176
p01,193.2664465419118
p02,109.5589300503678
p03,20.4756171214461
p04,0.42675468131127453
p05,0.4276296944240196
p06,0.0
p07,0.0
p08,0.0
p09,0.0
p10,0.0
