Sen_slope,Area
n10,33.474687038970615
n09,14.323307899019616
n08,20.74644290545344
n07,41.08119847536771
n06,60.49201460857842
n05,78.44598071819838
n04,92.50080986286767
n03,85.75562139270825
n02,82.01496058008587
n01,77.63118340643375
0,234.62298014859067
p01,88.8501449343137
p02,174.32857514038025
p03,163.32747736752398
p04,129.21248423615202
p05,114.13119967843139
p06,73.55567597671578
p07,54.61573907671564
p08,35.62650169295342
p09,18.01219452371323
p10,24.676791378553926
