Elevation,Tendencia
0.0,0.13538394914538035
100.0,0.2465107369484597
200.0,0.23498710027276215
300.0,0.16029150876019038
400.0,-3.932995009765504E-4
500.0,-0.1775476512081645
600.0,-0.393963347156182
700.0,-0.6070688103900168
800.0,-0.7339611300340613
900.0,-0.9879187730271614
1000.0,-0.983005733005733
1100.0,-0.4162646450723639
1200.0,-0.5
1300.0,0.0
