Sen_slope,Area
-10,19.240377025551453
-9,40.57715063688726
-8,96.58101268014705
-7,129.75391457659285
-6,107.1285546964461
-5,80.84693100925271
-4,66.62002374828427
-3,55.67108647640935
-2,56.806404719056374
-1,28.485064959742644
0,10.175395380943629
1,7.543492481433823
2,0.20077596703431372
3,0.0
4,0.0
5,0.0
6,0.0
7,0.0
8,0.0
9,0.0
10,0.0
