Sen_slope,Area
-10,0.8395520581495096
-9,0.8666413470588236
-8,3.1156989268382347
-7,3.2087931030637242
-6,4.971277892279413
-5,6.666361713970591
-4,5.231298832598041
-3,4.224225749938723
-2,2.371874243995099
-1,1.868941675735294
0,0.0
1,1.4831334782475492
2,2.633252706188727
3,2.633330415073529
4,2.8207596833946074
5,1.2991976838235295
6,0.895876889276961
7,0.20232663112745095
8,0.20293485110294118
9,0.0
10,0.0
