Elevation,Tendencia
0.0,0.14526371706821348
100.0,0.14319748933740337
200.0,0.27971189393267953
300.0,0.5232244775235416
400.0,0.7538964359418865
500.0,0.8448492665676104
600.0,1.031421060213195
700.0,0.7502659574468085
800.0,0.353950518754988
900.0,-0.15412186379928317
1000.0,0.0
