Sen_slope,Area
n10,8.5247697846201
n09,3.841232967708333
n08,5.698356138112742
n07,10.585105486703432
n06,14.257850831066174
n05,17.846907216911767
n04,29.918503581495056
n03,41.45451180410542
n02,28.275772880330884
n01,21.540399830330898
00,416.76535638198413
p01,703.1441412873857
p02,162.43124966991422
p03,24.352943181556384
p04,6.813267338174017
p05,3.209623584926469
p06,1.4968187915441173
p07,0.8567149873161766
p08,0.8354281356617645
p09,1.0686012924019606
p10,3.643442060355393
