Elevation,Tendencia
0.0,0.2348296677575075
100.0,0.2238031537550117
200.0,0.1112675349763495
300.0,0.12120461907392056
400.0,0.050041810302725635
500.0,0.0510450707133201
600.0,-0.0306535018693875
700.0,-0.1916965348170808
800.0,-0.43533787771813726
900.0,-0.6246860544973856
1000.0,-0.4251138419967589
1100.0,-0.01601898546425393
1200.0,0.06913043478260869
1300.0,0.07219181652332551
1400.0,0.010760152724748352
1500.0,0.0051928783382789315
1600.0,0.28865979381443296
