Sen_slope,Area
-10,719.0188501277576
-9,228.78628468976677
-8,297.6030775399514
-7,360.4514512769602
-6,511.5621512597428
-5,493.66516488903096
-4,404.17067133676505
-3,277.81993248841883
-2,212.60098630618864
-1,171.2555315610913
0,49.04359155337007
1,10.491911045894602
2,0.23062785079656864
3,0.23059437837009805
4,0.4321819267769608
5,0.20077209712009803
6,0.43218188419117654
7,0.5829731666666665
8,0.0
9,0.0
10,0.0
