Sen_slope,Area
n10,0.0
n09,0.0
n08,0.0
n07,0.0
n06,0.0
n05,0.0
n04,0.0
n03,0.21282326390931375
n02,0.0
n01,0.0
00,23.425282428063724
p01,3.625500580759805
p02,1.265098396139706
p03,1.066498190012255
p04,1.681585438909314
p05,1.2789773770833333
p06,0.21255714246323532
p07,0.21257009068627453
p08,0.4262359461397059
p09,0.0
p10,1.0650961126838234
