Sen_slope,Area
n10,14.097960389399512
n09,3.762888047181371
n08,2.968416579901961
n07,5.4781541772671565
n06,4.550456594852939
n05,5.708059645159311
n04,5.9725427115808785
n03,9.277625859987744
n02,9.334452789767152
n01,14.830089087683827
00,403.97645840673715
p01,412.62377671170236
p02,35.003271208026945
p03,0.21440968897058824
p04,0.21395540845588235
p05,0.422748719362745
p06,0.21265869950980398
p07,0.0
p08,0.0
p09,0.0
p10,0.0
