Sen_slope,Area
-10,141.59579746280647
-9,333.24034584172733
-8,687.2028407862792
-7,626.2054661727956
-6,303.69460319307626
-5,207.51497911390928
-4,173.13688389681357
-3,185.7612053993264
-2,220.00623759252466
-1,363.3930624251821
0,42.83055813627449
1,2.732923956188725
2,0.0
3,0.0
4,0.0
5,0.0
6,0.0
7,0.0
8,0.0
9,0.0
10,0.0
