Sen_slope,Area
n10,0.0
n09,0.0
n08,2.3448724203431364
n07,25.30877525171568
n06,50.30697941599266
n05,41.60316975079654
n04,21.33397392401961
n03,18.185784082230388
n02,22.352018040563735
n01,33.33215792990196
0,11.352508539093135
p01,0.0
p02,0.0
p03,0.0
p04,0.0
p05,0.0
p06,0.0
p07,0.0
p08,0.0
p09,0.0
p10,0.0
