Sen_slope,Area
n10,88.05765578008568
n09,66.33323999852945
n08,94.51437544209553
n07,122.69789953676445
n06,156.70367621360361
n05,174.62839584644613
n04,161.2094341277572
n03,92.18266774950986
n02,34.74673884693631
n01,14.95785958633577
0,18.740390490379877
p01,179.73720235759825
p02,181.06552879577214
p03,69.57071648964461
p04,16.173350309252445
p05,4.465332654963235
p06,1.284333054901961
p07,0.6433796810661765
p08,0.0
p09,0.0
p10,0.0
