Sen_slope,Area
n10,3.429569828523286
n09,2.5727753778186266
n08,4.102572467708333
n07,6.003676147487745
n06,11.340770281250006
n05,15.798778749387262
n04,14.998396572579653
n03,13.179467677849265
n02,15.745448045098039
n01,16.478487184221798
0,286.901099324632
p01,457.1550225313396
p02,105.86347115922199
p03,73.58183489243257
p04,83.02710429191191
p05,71.82376746786159
p06,46.91377041403178
p07,39.286527952665395
p08,36.52191691044729
p09,33.27659434745713
p10,59.13947223535545
