Sen_slope,Area
n10,671.6509816803899
n09,220.9358227678922
n08,294.87877464883474
n07,338.07213869699723
n06,511.1732963940573
n05,486.2925722349278
n04,403.9713218223655
n03,274.0504030934435
n02,202.61863032898262
n01,160.91665637334535
00,49.43027282812496
p01,10.46451720373774
p02,0.21395046770833331
p03,0.21322673449754906
p04,0.42785903014705884
p05,0.21323717101715686
p06,0.4257820192401961
p07,0.6258752587009804
p08,0.0
p09,0.0
p10,0.0
