Elevation,Tendencia
400,0.3241138560687433
500,0.19413256613425692
600,0.15122499992099833
700,0.08027806243823885
800,-0.00804916892330868
900,-0.19728739565729647
1000,-0.30858954260317684
1100,-0.49320801324712665
1200,-0.7447573460750447
1300,-1.3311719739030645
1400,-1.0658940097270193
1500,-1.167074648471492
1600,-1.6331447434328836
1700,-1.0777689168269458
1800,-1.0019111957582072
1900,-1.0555349330505102
2000,-0.5378151260504201
2100,0.0
