Sen_slope,Area
-10,16.687233189583328
-9,6.432225996691175
-8,9.501817019301473
-7,10.823729476041665
-6,17.593361482536757
-5,19.235126187928927
-4,29.901674007598032
-3,19.144785055882377
-2,14.4769583853554
-1,7.418147718504901
0,154.37210985171555
1,462.13515459019703
2,327.0598712739589
3,98.48461683045343
4,17.780417177022063
5,3.897258190502451
6,0.43153449252450987
7,0.0
8,0.0
9,0.0
10,0.0
