Sen_slope,Area
-10,19.401809273345588
-9,8.03535296409314
-8,17.0740862338848
-7,21.759305087806357
-6,26.049055583455893
-5,26.709505077267135
-4,16.246365740134802
-3,12.15849399411765
-2,8.74736025845588
-1,13.48383945569853
0,105.37238436219347
1,117.08765887634802
2,29.953578625919107
3,8.352967976776961
4,4.829904104595589
5,0.23007568743872547
6,0.0
7,0.0
8,0.0
9,0.17066272254901962
10,0.0
