Sen_slope,Area
-10,7.820427944975493
-9,4.460366382107843
-8,4.482893220833333
-7,10.989692840808827
-6,18.652798203615195
-5,25.737188657230384
-4,33.60575782487745
-3,25.990323677696065
-2,8.312083618321081
-1,14.153432216299015
0,628.7771075715717
1,1109.0959585868316
2,274.44726639650645
3,28.91243462696078
4,3.97295838370098
5,0.40350825606617646
6,0.0
7,0.0
8,0.0
9,0.0
10,0.0
