Sen_slope,Area
-10,0.0
-9,0.0
-8,0.0
-7,0.0
-6,0.0
-5,0.0
-4,0.0
-3,0.2290717490196078
-2,0.0
-1,0.0
0,23.609780822058806
1,3.7019705462009798
2,1.2779118825980393
3,1.0640183175857842
4,1.7167736681372554
5,1.3221139754289217
6,0.20180949803921566
7,0.20092480980392158
8,0.43104143223039215
9,0.0
10,1.035054917769608
