Sen_slope,Area
n10,47.60511402775739
n09,15.83790140183824
n08,29.96805332610292
n07,30.757408082843114
n06,33.20676070036762
n05,38.395046020465685
n04,32.78078803363968
n03,22.796594760968137
n02,15.546355759926467
n01,9.391072597916663
0,51.24944141335789
p01,75.57080552922793
p02,35.905236567585746
p03,51.58177497861518
p04,38.3897149860907
p05,18.389788218504915
p06,7.042619358946082
p07,4.704991533455882
p08,2.346198650490197
p09,1.9307505668504898
p10,3.003055230208334
