Elevation,Tendencia
0,0.15966763389029984
100,0.1373814471676538
200,0.07051857901184157
300,0.012783088626192525
400,-0.10700721885599977
500,-0.19012757037488953
600,-0.24866557616977314
700,-0.3218179980069612
800,-0.4830000658486797
900,-1.1208756841282252
1000,-2.0845082756808826
1100,-3.7717531629227987
1200,-6.167840375586854
1300,-8.46551724137931
1400,-11.0
