Sen_slope,Area
-10,0.0
-9,0.20212747610294118
-8,0.4306809006127451
-7,0.43032559074754906
-6,1.811336784803921
-5,1.5513865564338234
-4,1.4632914490196078
-3,2.9705378268995095
-2,5.018496275796571
-1,48.74212508529412
0,105.47183871096819
1,5.841154643750001
2,1.4798385990808824
3,1.5219705828431371
4,0.8037514515931373
5,0.6624477642769608
6,0.8340970320465687
7,0.4310095102328431
8,0.42916362261029417
9,0.0
10,0.8244965447916668
