Sen_slope,Area
n10,42.27700678002457
n09,19.681240189093145
n08,39.3667159953432
n07,65.22253453094362
n06,85.94052704571062
n05,107.60083797359056
n04,123.17888575067396
n03,108.59141764503653
n02,94.09387608682599
n01,88.11971162965678
00,218.71728311421566
p01,86.936015310049
p02,171.3406233683821
p03,149.23373171053936
p04,121.062975835049
p05,80.93656486893389
p06,41.658932243749966
p07,18.07336827506129
p08,7.079668654289218
p09,7.299102422732839
p10,4.916567642830882
