Sen_slope,Area
n10,29.36488781531864
n09,123.93432163161752
n08,412.5235299793523
n07,747.3983923905645
n06,479.60604778707415
n05,245.34016654785646
n04,159.89194797708316
n03,148.05230736954687
n02,179.41350047530622
n01,269.4000480213231
0,46.85244958321083
p01,1.0668447678921569
p02,0.0
p03,0.0
p04,0.0
p05,0.0
p06,0.0
p07,0.0
p08,0.0
p09,0.0
p10,0.0
