Sen_slope,Area
-10,58.0098768235907
-9,45.54546511838234
-8,73.33822975925234
-7,155.939603784375
-6,265.8227821034317
-5,422.54570163112743
-4,495.2332930465091
-3,295.6832305124998
-2,103.7058364424631
-1,43.298580481985304
0,3.8983204750000002
1,1.0665641558823529
2,0.0
3,0.0
4,0.0
5,0.0
6,0.0
7,0.0
8,0.0
9,0.0
10,0.0
