Sen_slope,Area
-10,9.339997945098036
-9,3.437741596262255
-8,4.417528266237745
-7,4.957568952144607
-6,3.994014811213236
-5,2.7282786117647064
-4,2.331448863051471
-3,2.586823909497549
-2,1.9562488351715686
-1,1.6371404876225488
0,0.43153877328431367
1,2.3720268651348033
2,3.2907990849877455
3,3.184681805085785
4,3.1936024642769607
5,4.490066325183824
6,3.2228486634191187
7,2.1965424492034313
8,1.637103375
9,2.079502028492647
10,5.946709382781864
