Sen_slope,Area
-10,41.25967799460786
-9,19.359218574999996
-8,25.956249785477965
-7,40.557098881066196
-6,39.14654903694849
-5,40.43357256262255
-4,31.55032777855388
-3,13.741903475796564
-2,9.426487023713237
-1,3.9483927726102928
0,288.27938472199827
1,823.7593815881775
2,647.6700017599276
3,423.316101745221
4,156.33774262089491
5,39.28325554240201
6,7.434019481617646
7,0.43344016047794126
8,0.0
9,0.4341294249387254
10,0.0
