Elevation,Tendencia
0,0.1499728024999177
100,0.18984201340472903
200,0.1481400917887088
300,-2.493661055379521E-4
400,-0.168421457998098
500,-0.27041062324625537
600,-0.44760455347902844
700,-0.6175839606818271
800,-0.710487027397813
900,-0.8788033750958834
1000,-0.9867137222337554
1100,-0.5846666666666667
1200,-0.6048780487804878
1300,0.0
