Elevation,Tendencia
0.0,0.1705130475954959
100.0,0.1776761343722674
200.0,0.11169865251122907
300.0,0.07283702407763612
400.0,0.0168092076653234
500.0,9.620573949362931E-4
600.0,0.007393138478756833
700.0,-0.04270591123756156
800.0,-0.12368577010030948
900.0,-0.4495308835027365
1000.0,-0.8736316665207111
1100.0,-1.6070229796023754
1200.0,-3.158450704225352
1300.0,-4.474137931034483
1400.0,-3.375
