Sen_slope,Area
-10,15.146105477267152
-9,11.038982203247537
-8,16.29089576090686
-7,25.96451379607843
-6,38.98567255306373
-5,58.86897513976726
-4,67.18963850900732
-3,67.43871536317404
-2,49.81513024430141
-1,56.53819721243881
0,233.3368177799019
1,385.03067648639666
2,136.71853912322294
3,82.40750995147057
4,55.47758460790438
5,41.24439932224268
6,32.904786869791614
7,28.556695928799023
8,17.010934983149497
9,13.998082459252451
10,12.694418859129899
