Sen_slope,Area
n10,5.55931754987745
n09,4.773407353124999
n08,7.4315756526348
n07,9.90468388014706
n06,12.372564111764703
n05,19.250827763909328
n04,21.525707169178897
n03,17.625718261151953
n02,17.01067662028186
n01,18.23110902910539
0,317.6670582179533
p01,72.49114510477945
p02,3.406016525122547
p03,2.5578618483455897
p04,0.0
p05,0.0
p06,0.0
p07,0.0
p08,0.0
p09,0.0
p10,0.0
