Sen_slope,Area
-10,837.0126960139668
-9,525.8607030666656
-8,808.9173125255505
-7,883.0095567265265
-6,878.1478688080858
-5,696.0429352504322
-4,405.2991345041053
-3,293.73140219093034
-2,296.227469940809
-1,396.82747352965697
0,58.84326532732836
1,0.6630158731617647
2,0.0
3,0.0
4,0.0
5,0.0
6,0.0
7,0.0
8,0.0
9,0.0
10,0.0
