Sen_slope,Area
n10,2.1197217337009806
n09,0.8515456554534314
n08,2.34260131807598
n07,2.7685627348651964
n06,4.468686871139707
n05,2.340745171752451
n04,4.027896996384802
n03,4.4735687518382345
n02,12.144225670036764
n01,88.90976359393382
0,98.87764576611515
p01,1.276860153921569
p02,1.0626597476715685
p03,1.0666988607843138
p04,0.21279129583333334
p05,0.8784465100490195
p06,0.21157463345588234
p07,0.4255535210171568
p08,0.6399138270220588
p09,0.21356781047794116
p10,0.4263459952818627
