Sen_slope,Area
n10,7.410134042677695
n09,5.793095509865195
n08,14.5201798416973
n07,21.601330185753646
n06,28.92054707481621
n05,35.951719593933824
n04,35.10225631887254
n03,31.073199247457104
n02,35.37402223780637
n01,44.765856613112774
00,341.6079589085176
p01,609.6843695341015
p02,110.92254752466312
p03,72.07465715744489
p04,65.83989925232841
p05,44.95904851700366
p06,30.277208077450943
p07,20.911492501623776
p08,19.334524714307626
p09,17.42356578553923
p10,30.03096923370094
