Sen_slope,Area
n10,0.0
n09,0.0
n08,0.0
n07,0.0
n06,0.0
n05,0.0
n04,0.0
n03,0.0
n02,0.0
n01,1.4933833721813723
0,0.0
p01,5.936398093995097
p02,0.849589077144608
p03,0.8523510172181372
p04,0.4265689980392157
p05,0.4266451327818627
p06,0.2119349642769608
p07,1.0510338891544118
p08,0.2131688351102941
p09,0.0
p10,0.0
