Sen_slope,Area
n10,41.55750027316182
n09,19.64156519215686
n08,27.756439773835773
n07,37.704746478247564
n06,40.25250783547794
n05,41.14710115042898
n04,32.63679232383581
n03,13.995614709313722
n02,8.222272710110294
n01,2.9890823922794105
00,295.02769077310114
p01,814.0689373233455
p02,637.682922568876
p03,415.5842389259792
p04,162.33590178425212
p05,38.11125391439951
p06,7.69421370300245
p07,1.2831065685661769
p08,0.0
p09,0.0
p10,0.0
