Sen_slope,Area
n10,7.370778758333333
n09,2.311205570465687
n08,4.605267600367647
n07,3.7766350275735303
n06,4.674500709865196
n05,4.673243941360295
n04,7.83423898106618
n03,4.671489527879902
n02,1.656010799142157
n01,0.6190156420343137
0,51.03001028002458
p01,274.3708763842527
p02,195.49468526544126
p03,71.52772483094373
p04,17.521777252267153
p05,1.9154602710171567
p06,0.0
p07,0.2137924256740196
p08,0.21374890355392154
p09,0.0
p10,0.0
