Elevation,Tendencia
400.0,0.699792713499669
500.0,0.30192410755570703
600.0,0.33580066515475093
700.0,0.1636533714272691
800.0,0.1682418766979505
900.0,-0.0808970913314289
1000.0,-0.06334185499286138
1100.0,-0.25921623864009113
1200.0,-0.62395533024943
1300.0,-0.7934324340176535
1400.0,-0.7738951284770331
1500.0,-0.9596223800450374
1600.0,-1.0696709110837472
1700.0,-0.7165850045578852
1800.0,-1.440607763994844
1900.0,-0.4255162931022975
2000.0,0.0
