Sen_slope,Area
-10,300.53697587788037
-9,179.33407101537964
-8,312.9060446069855
-7,683.3287893865206
-6,644.7202138793498
-5,331.84438381856586
-4,182.6378606257349
-3,141.90423731090712
-2,147.80948371415465
-1,304.7574249299642
0,48.606915859865225
1,0.23084456482843138
2,0.2011115911764706
3,0.0
4,0.0
5,0.0
6,0.0
7,0.0
8,0.0
9,0.0
10,0.0
