Sen_slope,Area
n10,7.076993046078428
n09,3.630043120649511
n08,5.092868086580883
n07,8.494655101286765
n06,12.73030268063726
n05,15.63127193480391
n04,25.767684470526945
n03,28.773060567953422
n02,23.626522021078443
n01,15.764498840624999
0,446.2908549977325
p01,723.6293628481626
p02,203.60743084779435
p03,25.659925572855386
p04,4.902736789828433
p05,2.7515275873774514
p06,1.4846753465686275
p07,1.4785395466911764
p08,0.8534538271446079
p09,1.0691643476715686
p10,2.767511292034314
