Sen_slope,Area
n10,20.44437315857843
n09,7.654880736397061
n08,11.230479524816174
n07,9.132155540624998
n06,8.675552646875003
n05,7.455405914644606
n04,6.186349183394608
n03,13.709500890870105
n02,21.363076086213233
n01,19.77513730318628
0,2.5542244015931366
p01,0.8530428474877451
p02,1.6951329407475493
p03,2.1266687584558825
p04,2.97861523247549
p05,2.3406220032475487
p06,2.754106891605392
p07,1.4758686488970594
p08,1.9118015404411768
p09,1.0527561615808825
p10,5.540685052818629
