Sen_slope,Area
-10,537.9263963353548
-9,141.87270933449759
-8,183.11042386862673
-7,229.9080049963848
-6,322.14059520992737
-5,361.87524553645744
-4,372.2813264132363
-3,295.5357201614582
-2,278.8950487549641
-1,266.0408949096816
0,240.6568689471812
1,580.9541714547806
2,362.24819091740255
3,228.014040351471
4,124.91184306323535
5,91.05814315275752
6,64.29207917984068
7,33.39869967542891
8,17.783202113786754
9,9.366352288357845
10,12.304250143566184
