Sen_slope,Area
-10,8.199266799571078
-9,4.3746108674019615
-8,5.679727919546571
-7,9.663562939522059
-6,15.410412906862735
-5,28.974401799142147
-4,39.4534717552083
-3,54.84181709350489
-2,53.78309787720589
-1,135.18122531121315
0,219.9467577087622
1,396.3265743609059
2,974.6696382131786
3,145.07947077248758
4,30.51561133131128
5,9.55784788860294
6,5.504805308639708
7,0.6653829300245098
8,0.2305752257965686
9,0.0
10,0.0
