Elevation,Tendencia
0.0,0.12848791115389638
100.0,0.1607086452467222
200.0,0.09126090195318481
300.0,0.02711126055830074
400.0,-0.0398929329674241
500.0,-0.14358350834530784
600.0,-0.2302856822136162
700.0,-0.3212026687462092
800.0,-0.23636363636363636
900.0,-0.04491725768321513
1000.0,0.0
