Elevation,Tendencia
0,0.10176591913745689
100,0.037361848254645086
200,-0.07503908234043191
300,-0.19660553108380927
400,-0.38052666924081024
500,-0.6711064441251243
600,-0.938541842060953
700,-1.1542327354648645
800,-1.454949494949495
900,-1.1371158392434988
1000,-0.5769230769230769
