Elevation,Tendencia
3700,0.0
3800,0.0
3900,0.020465781971026345
4000,0.0
4100,0.02381592797907839
4200,0.012299424404119854
4300,6.132588364135059E-5
4400,0.0
4500,0.030916106405284124
4600,0.0
4700,2.489496614772738E-4
4800,4.569213786398372E-4
4900,3.8424377510015955E-4
5000,6.98925173260704E-4
5100,0.0
5200,0.0
5300,0.0
5400,0.0
5500,0.0
5600,0.0
5700,0.0
5800,0.0
5900,0.0
6000,0.0
6100,0.0
