Elevation,Tendencia
0.0,0.1909046170976046
100.0,0.32705494030505655
200.0,0.35714771150901686
300.0,0.4459469371502819
400.0,0.393471534888671
500.0,0.3050173510699826
600.0,0.21925552269959994
700.0,-0.07587064676616916
800.0,-0.2534594636854038
900.0,-0.152276295133438
1000.0,-0.05041384499623777
1100.0,0.009036144578313253
1200.0,0.04371584699453552
