Elevation,Tendencia
0.0,0.22311729148871173
100.0,0.388242986778942
200.0,0.4297473624931853
300.0,0.4713268736404983
400.0,0.5131271983346494
500.0,0.5023426647517246
600.0,0.47215848248432
700.0,0.46273306152366117
800.0,0.4928097345132743
900.0,0.276578073089701
1000.0,0.0
1100.0,0.0
1200.0,0.0
