Sen_slope,Area
n10,10.105694034068623
n09,3.5548447341299023
n08,6.756576470036764
n07,6.8586027988970555
n06,7.653376308946082
n05,11.512346974019609
n04,11.698518543137254
n03,6.230019675612744
n02,2.299912229595588
n01,1.0474701916666664
00,42.59743392512255
p01,241.65104321109106
p02,155.4479884249997
p03,49.073106340563804
p04,7.686350383884806
p05,0.4272056394607843
p06,0.0
p07,0.0
p08,0.21374890355392154
p09,0.0
p10,0.0
