Sen_slope,Area
-10,6.911076760906865
-9,5.08944388547794
-8,11.025316957781872
-7,11.30712859810049
-6,14.070792766973037
-5,18.281954412254898
-4,21.27197755680147
-3,16.507925260294112
-2,10.728739558088243
-1,14.94107175110295
0,287.69405514920385
1,60.93530142977943
2,1.8423292151348045
3,3.003415403186275
4,0.0
5,0.0
6,0.0
7,0.0
8,0.0
9,0.0
10,0.0
