Sen_slope,Area
-10,37.01393104087008
-9,18.21756145557598
-8,27.983197145220604
-7,55.37468125502449
-6,85.93922985049007
-5,119.46209778492637
-4,155.85661067377455
-3,126.75905984926469
-2,126.31721290557591
-1,188.67049311875024
0,536.2105820503681
1,1036.4993445254943
2,409.53172497242684
3,225.83216929234098
4,83.47869804613987
5,44.950625118750075
6,32.43586758596814
7,25.585720942585766
8,25.428651984252443
9,21.896360847426468
10,41.60534230637249
