Sen_slope,Area
n10,148.80285149938774
n09,68.16283154650732
n08,91.73232823523276
n07,121.00031901832088
n06,157.25329382077229
n05,163.77873960575988
n04,148.46858879595578
n03,143.95961551072284
n02,298.70864670275745
n01,298.2656070968133
0,4.032380365502453
p01,139.93120312426493
p02,197.5687576846204
p03,66.52169455441171
p04,26.678427677389717
p05,4.730257903492646
p06,0.42870926580882357
p07,0.0
p08,0.21394320183823534
p09,0.0
p10,0.21394315870098038
