Sen_slope,Area
n10,34.22970287003675
n09,18.146619079350476
n08,32.24022397475495
n07,69.13903001715693
n06,114.73138615232837
n05,137.43000054148274
n04,120.56100153560055
n03,98.34147034007364
n02,98.0294193784312
n01,143.18784778848044
00,405.5145313015325
p01,261.1035454161757
p02,99.5411355054536
p03,72.53239543363975
p04,44.0103064629902
p05,28.156402121139696
p06,13.239347418137264
p07,9.840802292892151
p08,5.546116180147062
p09,2.358219365073529
p10,7.067459590502453
