Sen_slope,Area
n10,26.57091226176472
n09,11.428398035968133
n08,16.782224780637257
n07,20.819077481985282
n06,28.291303991911782
n05,32.97575700263477
n04,39.81776688296564
n03,24.873123131862734
n02,13.967417700857848
n01,9.30787004583333
0,21.246974040931374
p01,186.03018703970628
p02,83.84497591819853
p03,7.893474049632357
p04,0.0
p05,0.2136033697916667
p06,0.0
p07,0.0
p08,0.0
p09,0.0
p10,0.0
