Sen_slope,Area
n10,66.19098388124998
n09,10.490115069546569
n08,28.55947003670342
n07,51.737757259374995
n06,81.96905100514691
n05,74.12318956433809
n04,52.21285594381123
n03,60.14423938988975
n02,61.682173052818584
n01,124.01166310220587
00,327.2308212791677
p01,498.44531931544066
p02,194.48060625189962
p03,112.43580321966947
p04,50.86493976403187
p05,22.12666696911767
p06,9.01132790533088
p07,2.146999349754902
p08,0.42969011066176466
p09,0.0
p10,0.0
