Elevation,Tendencia
0,0.10361096233371794
100,0.03764481582988492
200,-0.07507144961079072
300,-0.19487580306032545
400,-0.3811093532787325
500,-0.6650341306398801
600,-0.9416123460917043
700,-1.1314623338257017
800,-1.5004019292604502
900,-1.1435406698564594
1000,-0.6
