Sen_slope,Area
-10,85.92317226648294
-9,48.089513394240164
-8,89.22680228707095
-7,119.16649725962
-6,186.84886832022048
-5,256.28724689693587
-4,270.45836236121403
-3,210.34346999601732
-2,219.20581931090672
-1,221.74442526574768
0,236.43338624460876
1,404.75311190048933
2,155.83606975189926
3,72.44816818075978
4,39.08740625361521
5,49.25964463370098
6,69.84952356721818
7,106.65304049773304
8,77.77032916911776
9,22.658677180208343
10,3.4751657514705885
