Elevation,Tendencia
0,0.17154629822305303
100,0.21448423337998143
200,0.16479316995643373
300,0.13266505103914225
400,-0.02334582914266557
500,-0.12128157436851263
600,-0.22443070492445683
700,-0.4357557670592031
800,-0.4942761467175454
900,-0.2582398316970547
1000,-0.0708955223880597
1100,-7.58150113722517E-4
1200,0.052924791086350974
