Sen_slope,Area
n10,11.770552190839458
n09,12.159063729932598
n08,15.37761216764707
n07,26.30873703710173
n06,38.951647192248814
n05,48.9943692396139
n04,54.35311326822909
n03,44.32880896672789
n02,39.591017018474375
n01,46.134333497058826
0,177.21875054390262
p01,226.42005539898943
p02,96.10592804598694
p03,85.64067626259201
p04,70.73065073079042
p05,52.621749801011035
p06,38.61432808143381
p07,29.682470935937523
p08,24.094851827879907
p09,22.805359829136016
p10,29.9255745199142
