Sen_slope,Area
n10,0.21512851139705885
n09,4.262067862561275
n08,15.205116198621324
n07,28.890909617585763
n06,55.51573759396454
n05,57.884650981464425
n04,51.86765856332724
n03,42.31950565508578
n02,51.24799647104785
n01,84.5645905541973
00,344.13482753170956
p01,633.4954322174634
p02,127.75390970919125
p03,74.9322123212929
p04,50.42651405857844
p05,17.084778629748783
p06,7.714771855024512
p07,0.8574167125000002
p08,0.0
p09,0.0
p10,0.0
