Sen_slope,Area
-10,36.97273401709554
-9,11.003974094424018
-8,20.480779031495086
-7,17.630075837254907
-6,28.12152735030639
-5,31.618963308455882
-4,43.65075497230396
-3,31.69341066237744
-2,17.163605943566196
-1,9.625464597303923
0,17.04286883351715
1,192.72808840882334
2,108.84526317677735
3,20.413100267095587
4,0.4618794476715686
5,0.4035537601715686
6,0.0
7,0.0
8,0.0
9,0.0
10,0.0
