Sen_slope,Area
n10,0.0
n09,0.0
n08,0.0
n07,0.0
n06,0.0
n05,0.0
n04,0.0
n03,0.0
n02,0.0
n01,1.0672061085171567
0,11.072306662928916
p01,5.523984685600489
p02,1.062231149387255
p03,1.0651595826593137
p04,0.4265689980392157
p05,0.4266451327818627
p06,0.2119349642769608
p07,1.0776744792279414
p08,0.21316201397058823
p09,0.2131688351102941
p10,0.0
