Sen_slope,Area
n10,135.56153542199777
n09,87.4659771898896
n08,112.76632089859068
n07,145.13195129332146
n06,154.00703086672758
n05,191.83340170404443
n04,173.1767299458336
n03,105.56181086305158
n02,40.85562480833336
n01,20.304889526776975
00,16.510195549387255
p01,186.02379105710816
p02,225.88366213069872
p03,72.07061316317402
p04,16.86438697493874
p05,2.996752879044118
p06,1.0693921713235295
p07,0.2141368345588235
p08,0.0
p09,0.0
p10,0.0
