Sen_slope,Area
n10,19.207376742647057
n09,8.082653069178921
n08,17.177932680147048
n07,21.63665011875
n06,25.874361690931377
n05,26.534665699754893
n04,16.121770305147066
n03,12.048709320955892
n02,8.703251826715686
n01,12.337511437990196
00,105.37274537689964
p01,116.80401915257359
p02,29.875545404656854
p03,8.452542226041661
p04,4.807367623590687
p05,0.21395907291666666
p06,0.0
p07,0.0
p08,0.0
p09,0.17117533088235296
p10,0.0
