Sen_slope,Area
n10,64.0250204679535
n09,10.487076853676474
n08,12.196426531311273
n07,16.849131329718137
n06,26.79754556648284
n05,31.102291265747564
n04,30.84621518762256
n03,37.977413546752494
n02,48.57375870575979
n01,106.29435002916655
0,301.0963844105391
p01,416.6084584682581
p02,187.5930706859072
p03,111.31244539515957
p04,55.743847828982815
p05,18.949123162193608
p06,11.363997079473032
p07,2.779917111703431
p08,0.2145663976715686
p09,0.21360605422794118
p10,0.0
