Elevation,Tendencia
3700,0.0
3800,0.0
3900,0.02048100936910195
4000,0.0
4100,0.024010995686267304
4200,0.01223114865858386
4300,4.600300901773232E-5
4400,0.0
4500,0.030878481104437083
4600,0.0
4700,2.1110409019631075E-4
4800,5.111786703973739E-4
4900,4.1983425751750293E-4
5000,6.486054770281321E-4
5100,0.0
5200,0.0
5300,0.0
5400,0.0
5500,0.0
5600,0.0
5700,0.0
5800,0.0
5900,0.0
6000,0.0
6100,0.0
