Sen_slope,Area
n10,36.04456044650734
n09,17.234081418321082
n08,34.28903912959558
n07,51.741861957904376
n06,93.17149118875615
n05,117.19319333964408
n04,146.90822476139687
n03,120.97144958685683
n02,109.57883512668492
n01,159.69771758943023
00,554.3854326874382
p01,1053.899262221761
p02,427.9191691952816
p03,238.74375037132387
p04,86.33149062931986
p05,42.2773515564951
p06,28.73143658768382
p07,22.238188334007344
p08,22.795729523345603
p09,23.149615182322297
p10,39.55786793063728
