Sen_slope,Area
n10,45.8029266082108
n09,32.44483643823529
n08,63.72547991825987
n07,117.98039068100458
n06,228.71506070061298
n05,466.03768561353905
n04,1118.4284536421649
n03,760.2354607332733
n02,82.1938998824756
n01,29.107525159436285
00,23.676835733026973
p01,11.703508672794117
p02,0.0
p03,1.0499889139093135
p04,0.4270750593137254
p05,0.42653061023284317
p06,0.4258514169117647
p07,0.0
p08,0.21391670790441175
p09,0.0
p10,1.477855750857843
