Sen_slope,Area
n10,13.34696933272059
n09,4.867701170772059
n08,5.080973060539218
n07,8.453630522916669
n06,11.503939188541672
n05,15.785234450857844
n04,19.130837253125023
n03,16.183788065931367
n02,9.217009651838236
n01,6.0845838922794115
0,151.89817242751263
p01,485.7009048978557
p02,404.7843577136649
p03,135.09041321090677
p04,33.069107711519585
p05,5.519516419975489
p06,0.8566208012254903
p07,0.0
p08,0.0
p09,0.0
p10,0.0
