Sen_slope,Area
n10,22.820713769791666
n09,12.885548412499997
n08,19.689388383700983
n07,22.87526850802694
n06,34.31691701721816
n05,21.62313226948531
n04,18.19883960931375
n03,10.298195760294119
n02,7.060224936519609
n01,6.435431108700984
0,268.9086677870715
p01,799.7730613262858
p02,681.2014771380493
p03,439.8623103903176
p04,134.6911648100491
p05,26.54310589675248
p06,5.778218264828435
p07,1.0706584147058824
p08,0.6350645666053921
p09,0.2135775987745098
p10,0.0
