Sen_slope,Area
n10,15.16701064647671
n09,10.897516211182609
n08,16.305731439981624
n07,26.131615809650736
n06,38.95789550076589
n05,58.83690534476101
n04,67.51679773327209
n03,67.19867942720578
n02,49.91884788841907
n01,56.78085433253671
00,236.47979296216238
p01,385.6432162466303
p02,136.34219815257427
p03,83.10582746348042
p04,55.644240008609124
p05,41.43938147071084
p06,32.71486615232841
p07,28.539995380943637
p08,16.961386009007335
p09,14.104366884895832
p10,12.636731236488968
