Sen_slope,Area
n10,200.56440859197338
n09,74.17410076985297
n08,97.60818647757338
n07,141.3499095425859
n06,167.99243078167862
n05,169.11848071936316
n04,165.8833563848657
n03,194.4562483890319
n02,414.29670302971886
n01,244.64454337065013
00,4.495426884558825
p01,151.72068550073539
p02,234.0219448309438
p03,105.46283834436281
p04,45.75005455968139
p05,15.989319336519609
p06,2.356020459252451
p07,0.21399181629901962
p08,0.0
p09,0.0
p10,0.42847570330882356
