Sen_slope,Area
n10,545.3069507385419
n09,545.3952969525136
n08,776.8013171044095
n07,833.813028598894
n06,736.7550623813632
n05,714.7850556654324
n04,477.66899959705916
n03,282.25918787732826
n02,188.8109809104777
n01,235.54252687683723
0,49.12833553204659
p01,0.0
p02,0.0
p03,0.0
p04,0.0
p05,0.0
p06,0.0
p07,0.0
p08,0.0
p09,0.0
p10,0.0
