Sen_slope,Area
n10,174.0506316550246
n09,57.67047590183822
n08,86.9147261906249
n07,110.0095845593752
n06,168.7479556559438
n05,175.65481369270813
n04,141.93407895716885
n03,101.38760214142168
n02,103.16945309981594
n01,140.86279357971827
00,798.5030517591878
p01,1745.8621638382294
p02,1310.836942391104
p03,795.8410084995722
p04,293.1686242425246
p05,90.9197343927698
p06,22.20945836188724
p07,9.541815135171571
p08,3.615313828431373
p09,1.4953214444240197
p10,5.792476202818627
